carya_ovata/13291664376061.jpg,0,carya_ovata
carya_ovata/13291664377237.jpg,0,carya_ovata
carya_ovata/13291664370573.jpg,0,carya_ovata
carya_ovata/13291664374739.jpg,0,carya_ovata
carya_ovata/13291664375786.jpg,0,carya_ovata
carya_ovata/13291664373281.jpg,0,carya_ovata
carya_ovata/13291664372809.jpg,0,carya_ovata
carya_ovata/13291664377269.jpg,0,carya_ovata
carya_ovata/13291664372106.jpg,0,carya_ovata
carya_ovata/13291664372738.jpg,0,carya_ovata
carya_ovata/13291664371387.jpg,0,carya_ovata
carya_ovata/13291664376977.jpg,0,carya_ovata
carya_ovata/13291664370056.jpg,0,carya_ovata
carya_ovata/13291664375879.jpg,0,carya_ovata
carya_ovata/13291664373574.jpg,0,carya_ovata
carya_ovata/13291664372901.jpg,0,carya_ovata
carya_ovata/13291664377677.jpg,0,carya_ovata
carya_ovata/13291664375935.jpg,0,carya_ovata
carya_ovata/13291664370044.jpg,0,carya_ovata
carya_ovata/13291664374802.jpg,0,carya_ovata
carya_ovata/13291664371952.jpg,0,carya_ovata
carya_ovata/13291664370709.jpg,0,carya_ovata
carya_ovata/13291664371128.jpg,0,carya_ovata
carya_ovata/13291664375206.jpg,0,carya_ovata
carya_ovata/13291664374694.jpg,0,carya_ovata
carya_ovata/13291664371847.jpg,0,carya_ovata
carya_ovata/13291664375228.jpg,0,carya_ovata
carya_ovata/13291664373116.jpg,0,carya_ovata
carya_ovata/13291664377400.jpg,0,carya_ovata
carya_ovata/13291664376694.jpg,0,carya_ovata
acer_campestre/13291732972527.jpg,1,acer_campestre
acer_campestre/13291732978235.jpg,1,acer_campestre
acer_campestre/13291732978427.jpg,1,acer_campestre
acer_campestre/13291732975289.jpg,1,acer_campestre
acer_campestre/13291732975844.jpg,1,acer_campestre
acer_campestre/13291732976397.jpg,1,acer_campestre
acer_campestre/13291732973114.jpg,1,acer_campestre
acer_campestre/13291732978518.jpg,1,acer_campestre
acer_campestre/13291732972155.jpg,1,acer_campestre
acer_campestre/13291732974447.jpg,1,acer_campestre
acer_campestre/13291732974669.jpg,1,acer_campestre
acer_campestre/13291732970977.jpg,1,acer_campestre
acer_campestre/13291732973267.jpg,1,acer_campestre
acer_campestre/13291732970222.jpg,1,acer_campestre
acer_campestre/13291732972031.jpg,1,acer_campestre
acer_campestre/13291732970169.jpg,1,acer_campestre
acer_campestre/13291732970228.jpg,1,acer_campestre
acer_campestre/13291732975387.jpg,1,acer_campestre
acer_campestre/13291732977220.jpg,1,acer_campestre
acer_campestre/13291732975597.jpg,1,acer_campestre
acer_campestre/13291732975636.jpg,1,acer_campestre
acer_campestre/13291732974605.jpg,1,acer_campestre
acer_campestre/13291732972088.jpg,1,acer_campestre
acer_campestre/13291732974638.jpg,1,acer_campestre
acer_campestre/13291732977086.jpg,1,acer_campestre
acer_campestre/13291732971024.jpg,1,acer_campestre
acer_campestre/13291732976170.jpg,1,acer_campestre
acer_campestre/13291732970717.jpg,1,acer_campestre
acer_campestre/13291732972114.jpg,1,acer_campestre
acer_campestre/13291732971753.jpg,1,acer_campestre
abies_nordmanniana/13291651123557.jpg,2,abies_nordmanniana
abies_nordmanniana/13291651128600.jpg,2,abies_nordmanniana
abies_nordmanniana/13291651123153.jpg,2,abies_nordmanniana
abies_nordmanniana/13291651124207.jpg,2,abies_nordmanniana
abies_nordmanniana/13291651128954.jpg,2,abies_nordmanniana
abies_nordmanniana/13291651121743.jpg,2,abies_nordmanniana
abies_nordmanniana/13291651121580.jpg,2,abies_nordmanniana
abies_nordmanniana/13291651128770.jpg,2,abies_nordmanniana
abies_nordmanniana/13291651128310.jpg,2,abies_nordmanniana
abies_nordmanniana/13291651123046.jpg,2,abies_nordmanniana
abies_nordmanniana/13291651122174.jpg,2,abies_nordmanniana
abies_nordmanniana/13291651124246.jpg,2,abies_nordmanniana
abies_nordmanniana/13291651124291.jpg,2,abies_nordmanniana
abies_nordmanniana/13291651126294.jpg,2,abies_nordmanniana
abies_nordmanniana/13291651125039.jpg,2,abies_nordmanniana
abies_nordmanniana/13291651122226.jpg,2,abies_nordmanniana
abies_nordmanniana/13291651126254.jpg,2,abies_nordmanniana
abies_nordmanniana/13291651120806.jpg,2,abies_nordmanniana
abies_nordmanniana/13291651122197.jpg,2,abies_nordmanniana
abies_nordmanniana/13291651122593.jpg,2,abies_nordmanniana
abies_nordmanniana/13291651122008.jpg,2,abies_nordmanniana
abies_nordmanniana/13291651128218.jpg,2,abies_nordmanniana
abies_nordmanniana/13291651124754.jpg,2,abies_nordmanniana
abies_nordmanniana/13291651123213.jpg,2,abies_nordmanniana
abies_nordmanniana/13291651121149.jpg,2,abies_nordmanniana
abies_nordmanniana/13291651128435.jpg,2,abies_nordmanniana
abies_nordmanniana/13291651121945.jpg,2,abies_nordmanniana
abies_nordmanniana/13291651122527.jpg,2,abies_nordmanniana
abies_nordmanniana/13291651121761.jpg,2,abies_nordmanniana
abies_nordmanniana/13291651121359.jpg,2,abies_nordmanniana
acer_ginnala/13291762517069.jpg,3,acer_ginnala
acer_ginnala/13291762512931.jpg,3,acer_ginnala
acer_ginnala/13291762513557.jpg,3,acer_ginnala
acer_ginnala/13291762511387.jpg,3,acer_ginnala
acer_ginnala/13291762516205.jpg,3,acer_ginnala
acer_ginnala/13291762512991.jpg,3,acer_ginnala
acer_ginnala/13291762510376.jpg,3,acer_ginnala
acer_ginnala/13291762512992.jpg,3,acer_ginnala
acer_ginnala/13291762516851.jpg,3,acer_ginnala
acer_ginnala/13291762513733.jpg,3,acer_ginnala
acer_ginnala/13291762517025.jpg,3,acer_ginnala
acer_ginnala/13291762515140.jpg,3,acer_ginnala
acer_ginnala/13291762512231.jpg,3,acer_ginnala
acer_ginnala/13291762514247.jpg,3,acer_ginnala
acer_ginnala/13291762518131.jpg,3,acer_ginnala
acer_ginnala/13291762515777.jpg,3,acer_ginnala
acer_ginnala/13291762513529.jpg,3,acer_ginnala
acer_ginnala/13291762513049.jpg,3,acer_ginnala
acer_ginnala/13291762517364.jpg,3,acer_ginnala
acer_ginnala/13291762514877.jpg,3,acer_ginnala
acer_ginnala/13291762517315.jpg,3,acer_ginnala
acer_ginnala/13291762516235.jpg,3,acer_ginnala
acer_ginnala/13291762515856.jpg,3,acer_ginnala
acer_ginnala/13291762511614.jpg,3,acer_ginnala
acer_ginnala/13291762517273.jpg,3,acer_ginnala
acer_ginnala/13291762513606.jpg,3,acer_ginnala
